{
  "swagger" : "2.0",
  "info" : {
    "title" : "REST API To CallableFlow",
    "version" : "1.0.0",
    "description" : "Expose API to request CallableFlow"
  },
  "paths" : {
    "/invoice" : {
      "get" : {
        "operationId" : "invoice",
        "responses" : {
          "200" : {
            "description" : "The operation was successful.",
            "schema" : {
              "type" : "string"
            }
          }
        },
        "produces" : [ "application/json" ],
        "description" : "Retrieve invoice",
        "parameters" : [ {
          "name" : "ordernumber",
          "in" : "query",
          "type" : "string",
          "description" : "Number of order",
          "required" : true
        } ]
      }
    }
  },
  "basePath" : "/api/v1",
  "definitions" : {
    "input" : {
      "type" : "object",
      "properties" : {
        "ordernumber" : {
          "type" : "string"
        }
      }
    }
  }
}